city,x,y
A,938.161976,987.702927
B,595.322623,216.194031
C,533.193578,956.131605
D,215.025142,19.055095
E,889.859454,85.667652
F,428.906578,531.169408
G,630.630360,408.662706
H,303.818842,376.054664
I,124.721592,979.029394
J,147.363491,593.092747